Ինչպիսի՞ պետություն է Հայաստանի Հանրապետությունը.,,"Համաձայն ՀՀ Սահմանադրության 1-ին հոդվածի` Հայաստանի Հանրապետությունը ինքնիշխան, ժողովրդավարական, սոցիալական, իրավական պետություն է։ ",1,Սոցիալական,Սոցիալիստական,,
Ինչպե՞ս են ՀՀ-ում անցկացվում ընտրությունները.,,"Համաձայն ՀՀ Սահմանադրության 4-րդ հոդվածի` ընտրություններն անցկացվում են ընդհանուր, հավասար, ուղղակի ընտրական իրավունքի հիման վրա գաղտնի քվեարկությամբ։",1,Ուղղակի ընտրական իրավունքի հիման վրա,Անուղղակի ընտրական իրավունքի հիման վրա ,,
Ինչպե՞ս են ՀՀ-ում անցկացվում հանրաքվեները.,,"Համաձայն ՀՀ Սահմանադրության 4-րդ հոդվածի` հանրաքվեներն  անցկացվում են ընդհանուր, հավասար, ուղղակի ընտրական իրավունքի հիման վրա գաղտնի քվեարկությամբ",1,Ուղղակի ընտրական իրավունքի հիման վրա,Անուղղակի ընտրական իրավունքի հիման վրա,,Համաձայն ՀՀ Սահմանադրության 
ՀՀ-ում պետական իշխանությունն իրականացվում է…,,"Համաձայն ՀՀ Սահմանադրության 5 -րդ հոդվածի`  պետական իշխանությունն իրականացվում է Սահմանադրությանը և օրենքներին համապատասխան՝ օրենսդիր, գործադիր և դատական իշխանությունների բաժանման և հավասարակշռման հիման վրա:",1,Իշխանությունների բաժանման և հավասարակշռման հիման վրա ,Իշխանությունների տարանջատման հիման վրա,Իշխանությունների կենտրոնացման հիման վրա,
ՀՀ-ում պաշտոնատար անձինք իրավասու են կատարելու միայն այնպիսի գործողություններ…,,"Համաձայն ՀՀ Սահմանադրության 5 -րդ հոդվածի` Պետական և տեղական ինքնակառավարման մարմիններն ու պաշտոնատար անձինք իրավասու են կատարելու միայն այնպիսի գործողություններ, որոնց համար լիազորված են Սահմանադրությամբ կամ օրենքներով:",1,Որոնց համար լիազորված են Սահմանադրությամբ կամ օրենքներով:,Որոնց համար լիազորված են կառավարության որոշումներով,Որոնց համար լիազորված են օրենքներով կամ կառավարության որոշումներով:,
ՀՀ-ում օրենքներն ուժի մեջ են մտնում…,,Համաձայն ՀՀ Սահմանադրության 6 -րդ հոդվածի` Օրենքներն ուժի մեջ են մտնում «Հայաստանի Հանրապետության պաշտոնական տեղեկագրում» հրապարակվելուց հետո:,1,«ՀՀ պաշտոնական տեղեկագրում» հրապարակվելուց հետո,Ընդունվելուց հետո,Նախագահի ստորագրելուց հետո,
Քանի՞ հոդվածից է բաղկացած ՀՀ Սահմանադրությունը.,,ՀՀ Սահմանադրությունը բաղկացած է 9 գլխից և 117 հոդվածից:,1,117,127,107,98
Քանի՞ գլխից է բաղկացած ՀՀ Սահմանադրությունը.,,ՀՀ Սահմանադրությունը բաղկացած է 9 գլխից և 117 հոդվածից: ,1,9,7,11,6
Ո՞ր թվականին է ընդունվել ՀՀ Սահմանադրությունը.,,ՀՀ Սահմանադրությունը ընդունվել է 1995թ.-ի հուլիսի 5-ին հանրաքվեի միջոցով:,1,1995թ.,1996թ.,1991թ.,1999թ.
Ո՞ր թվականին են կատարվել սահմանադրական փոփոխությունները.,,ՀՀ Սահանադրությունում փոփոխությունները տեղի են ունեցել է  2005թ.նոյեմբերի  27-ին տեղի ունեցած հանրաքվեով: ,1,2005թ.,2000թ.,1998թ.,2014թ.
Արդյո՞ք սահմանադրության նորմերը գործում են անմիջականորեն.,,"Համաձայն ՀՀ Սահմանադրության 6-րդ հոդվածի`  Սահմանադրությունն ունի բարձրագույն իրավաբանական ուժ, և նրա նորմերը գործում են անմիջականորեն:",1,Այո,Ոչ,Միայն որոշ նորմեր,
Արդյո՞ք միջազգային պայմանագրերը ՀՀ իրավական համակարգի բաղկացուցիչ մասն են կազմում.,,Համաձայն ՀՀ Սահմանադրության 6-րդ հոդվածի` Միջազգային պայմանագրերը Հայաստանի Հանրապետության իրավական համակարգի բաղկացուցիչ մասն են,1,Այո,Ոչ,,
"Միջազգային պայմանագրերով սահմանված նորմերը, որոնք հակասում են ՀՀ օրենքներին…",,"Համաձայն ՀՀ Սահմանադրության 6-րդ հոդվածի, եթե վավերացված միջազգային պայմանագրում սահմանվում են այլ նորմեր, քան նախատեսված են օրենքներով, ապա կիրառվում են այդ նորմերը:",1,Կիրառվում են,Չեն կիրառվում,,
ՀՀ Սահմանադրությանը հակասող միջազգային պայմանագրերը…,,Համաձայն ՀՀ Սահմանադրության 6-րդ հոդվածի` ՀՀ Սահմանադրությանը հակասող միջազգային պայմանագրերը չեն կարող վավերացվել։ ,1,Կարող են վավերացվել,Չեն կարող վավերացվել,,
ՀՀ-ում նորմատիվ իրավական ակտերն ընդունվում են... ,,Համաձայն ՀՀ Սահմանադրության 6-րդ հոդվածի` Նորմատիվ իրավական ակտերն ընդունվում են Սահմանադրության և օրենքների հիման վրա և դրանց իրականացումն ապահովելու նպատակով:,1,Սահմանադրության և օրենքների հիման վրա,Միայն օրենքների հիման վրա,Միջազգային պայմանագրերի հիման վրա,
Արդյո՞ք ՀՀ-ում ճանաչվում է գաղափարախոսական բազմակարծությունը.,,Համաձայն ՀՀ Սահմանադրության 7 հոդվածի՝ Հայաստանի Հանրապետությունում ճանաչվում են գաղափարախոսական բազմակարծությունը և բազմակուսակցությունը։,1,Այո,Ոչ,,
 ՀՀ-ում ճանաչվում է... ,,Համաձայն ՀՀ Սահմանադրության 7 հոդվածի՝ Հայաստանի Հանրապետությունում ճանաչվում են գաղափարախոսական բազմակարծությունը և բազմակուսակցությունը։,1,Բազմակուսակցությունը,Միակուսակցությունը,,
Ե՞րբ է ընդունվել Հայաստանի անկախության մասին Հռչակագիրը.,,1990թ.-ի օգոստոսի 23-ին ՀՀ Գերագույն խորհուրդն ընդունեց Հայաստանի անկախության մասին Հռչակագիրը:,1,1990թ.,1991թ.,1995թ.,
Ինչպիսի՞ պետություն է ՀՀ-ն.,,Համաձայն ՀՀ Սահմանադրության 8.1. հոդվածի Հայաստանի Հանրապետությունում եկեղեցին անջատ է պետությունից։,1,Աշխարհիկ,Եկեղեցական,Առաքելական,Աղանդավորական
Արդյո՞ք ՀՀ-ում կարող է գործել միայն Հայաստանյաց առաքելական սուրբ եկեղեցին.,,Համաձայն ՀՀ Սահմանադրության 8.1. հոդվածի`  ՀՀ-ում երաշխավորվում է օրենքով սահմանված կարգով գործող բոլոր կրոնական կազմակերպությունների գործունեության ազատությունը։,1,Ոչ,Այո,,
 Կարո՞ղ են արդյոք ՀՀ-ում գործել բոլոր տեսակի դավանանքները.,,Համաձայն ՀՀ Սահմանադրության 8.1. հոդվածի` Հայաստանի Հանրապետությունում երաշխավորվում է օրենքով սահմանված կարգով գործող բոլոր կրոնական կազմակերպությունների գործունեության ազատությունը: ,1,"Միայն նրանք, որոնց գործունեությունը թույլատրված է օրենքով",Ոչ,,
ՀՀ Սահմանադրության ո՞ր գլուխն է վերաբերում մարդու և քաղաքացու հիմնական իրավունքներին.,,ՀՀ Սահմանադրության 2-րդ գլուխը վերաբերում է մարդու և քաղաքացու հիմնական իրավունքներին:,1,գլուխ 2,գլուխ 3,գլուխ 5,
ՀՀ Սահմանադրության ո՞ր գլուխն է վերաբերվում երկրի նախագահին.,,ՀՀ Սահմանադրության 3-րդ գլուխը վերաբերվում է  երկրի նախագահին:,1,գլուխ 3,գլուխ 6,գլուխ 1,
ՀՀ Սահմանադրության ո՞ր գլուխն է վերաբերում օրենսդիր իշխանությանը.,,ՀՀ Սահմանադրության 4-րդ գլուխը վերաբերում է  օրենսդիր իշխանությանը:,1,գլուխ 4, գլուխ 5,գլուխ 6,
ՀՀ Սահմանադրության ո՞ր գլուխն է վերաբերում գործադիր իշխանությանը.,,ՀՀ Սահմանադրության 5-րդ գլուխը վերաբերում է  գործադիր իշխանությանը:,1,գլուխ 5,գլուխ 4,գլուխ 8,
ՀՀ Սահմանադրության ո՞ր գլուխն է վերաբերում դատական իշխանությանը.,,ՀՀ Սահմանադրության 6-րդ գլուխը վերաբերում է դատական իշխանությանը:,1,գլուխ 6,գլուխ 7,գլուխ 9,
Ո՞վ կարող է ընտրվել ՀՀ ՄԻՊ-ի պաշտոնում.,,"Համաձայն Մարդու իրավունքների պաշտպանի մասին օրենքի 3-րդ հոդվածի` պաշտպանի պաշտոնում կարող է ընտրվել 25 տարին լրացած, հասարակության մեջ բարձր հեղինակություն վայելող, վերջին հինգ տարում Հայաստանի Հանրապետության քաղաքացի հանդիսացող, վերջին հինգ տարում Հայաստանի Հանրապետությունում մշտապես բնակվող և ընտրական իրավունք ունեցող յուրաքանչյուր ոք:",2,25 տարին լրացած անձը,21 տարին լրացած անձը,35 տարին լրացած անձը,
Ո՞վ կարող է ընտրվել ՀՀ ՄԻՊ-ի պաշտոնում.,,"Համաձայն Մարդու իրավունքների պաշտպանի մասին օրենքի 3-րդ հոդվածի` պաշտպանի պաշտոնում կարող է ընտրվել 25 տարին լրացած, հասարակության մեջ բարձր հեղինակություն վայելող, վերջին հինգ տարում Հայաստանի Հանրապետության քաղաքացի հանդիսացող, վերջին հինգ տարում Հայաստանի Հանրապետությունում մշտապես բնակվող և ընտրական իրավունք ունեցող յուրաքանչյուր ոք:",2,Վերջին 5 տարում ՀՀ-ում բնակվող անձը,Վերջին 3 տարում ՀՀ-ում բնակվող անձը,Վերջին 10 տարում ՀՀ-ում բնակվող անձը,
Ո՞վ կարող է ընտրվել ՀՀ ՄԻՊ-ի պաշտոնում.,,"Համաձայն Մարդու իրավունքների պաշտպանի մասին օրենքի 3-րդ հոդվածի` պաշտպանի պաշտոնում կարող է ընտրվել 25 տարին լրացած, հասարակության մեջ բարձր հեղինակություն վայելող, վերջին հինգ տարում Հայաստանի Հանրապետության քաղաքացի հանդիսացող, վերջին հինգ տարում Հայաստանի Հանրապետությունում մշտապես բնակվող և ընտրական իրավունք ունեցող յուրաքանչյուր ոք:",2,Միայն ՀՀ քաղաքացիները,Յուրաքանչյուր ոք,,
Ո՞վ է ընտրում  ՀՀ ՄԻՊ.,,Համաձայն Մարդու իրավունքների պաշտպանի մասին օրենքի` պաշտպանին ընտրում է Ազգային ժողովը,2,ՀՀ Ազգային ժողովը,ՀՀ Նախագահը,Ազգային ժողովի նախագահը,ՀՀ Կառավարությունը
ՀՀ ՄԻՊ-ն ընտրվում է Ազգային ժողովի պատգամավորների…,,"Համաձայն Մարդու իրավունքների պաշտպանի մասին օրենքի՝ պաշտպանին ընտրում է Ազգային ժողովը` պատգամավորների ընդհանուր թվի ձայների առնվազն երեք հինգերորդով, վեց տարի ժամկետով, Ազգային ժողովի պատգամավորների առնվազն 1/5-ի կողմից առաջադրված թեկնածուներից:",2,Ընդհանուր թվի ձայների առնվազն երեք հինգերորդով,Ընդհանուր թվի ձայների առնվազն երեք քառորդով ,,
ՀՀ ՄԻՊ-ն ընտրվում է…,,"Համաձայն Մարդու իրավունքների պաշտպանի մասին օրենքի` պաշտպանին ընտրում է Ազգային ժողովը` պատգամավորների ընդհանուր թվի ձայների առնվազն երեք հինգերորդով, վեց տարի ժամկետով, Ազգային ժողովի պատգամավորների առնվազն 1/5-ի կողմից առաջադրված թեկնածուներից:",2,6 տարի ժամկետով,5 տարի ժամկետով,4 տարի ժամկետով,
ՀՀ ՄԻՊ-ը կարող է զբաղվել…,,"Համաձայն Մարդու իրավունքների պաշտպանի մասին օրենքի 4-րդ հոդվածի` պաշտպանը չի կարող զբաղվել ձեռնարկատիրական գործունեությամբ, զբաղեցնել պաշտոն պետական կամ տեղական ինքնակառավարման մարմիններում կամ առևտրային կազմակերպություններում, կատարել վճարովի այլ աշխատանք, բացի գիտական, մանկավարժական և ստեղծագործական աշխատանքից:",2,Մանկավարժական աշխատանքով,Ձեռնարկատիրական գործունեությամբ,,Այլ վճարովի աշխատանքով
Արդյո՞ք ՀՀ ՄԻՊ-ը կարող է զբաղեցնել նաև այլ պաշտոն.,,"Համաձայն Մարդու իրավունքների պաշտպանի մասին օրենքի 4-րդ հոդվածի` պաշտպանը չի կարող զբաղվել ձեռնարկատիրական գործունեությամբ, զբաղեցնել պաշտոն պետական կամ տեղական ինքնակառավարման մարմիններում կամ առևտրային կազմակերպություններում, կատարել վճարովի այլ աշխատանք, բացի գիտական, մանկավարժական և ստեղծագործական աշխատանքից:",2,Այո,Ոչ,,
Արդյո՞ք ՀՀ ՄԻՊ-ը կարող է լինել կուսակցական.,,"Համաձայն Մարդու իրավունքների պաշտպանի մասին օրենքի 4 հոդվածի`  Պաշտպանը չի կարող լինել որևէ կուսակցության անդամ կամ ընտրություններում առաջադրել իր թեկնածությունը, մասնակցել նախընտրական քարոզչությանը:",2,Ոչ,Այո,,
Իր լիազորություններն իրականացնելիս ՀՀ ՄԻՊ-ը ենթարկվում է…,,"Համաձայն Մարդու իրավունքների պաշտպանի մասին օրենքի 5-րդ  հոդվածի` պաշտպանն իր լիազորություններն իրականացնելիս անկախ է, ենթարկվում է միայն Հայաստանի Հանրապետության Սահմանադրությանը և օրենքներին, ինչպես նաև միջազգային իրավունքի հանրաճանաչ սկզբունքներին ու նորմերին: Պաշտպանը չի ենթարկվում պետական կամ տեղական ինքնակառավարման որևէ մարմնի կամ պաշտոնատար անձի:",2,Միջազգային իրավունքի հանրաճանաչ սկզբունքներին և նորմերին,Կառավարության որոշումներին,Նախագահի հրամանագրերին,
"ՀՀ ՄԻՊ-ի լիազորությունները վաղաժամկետ դադարում են, եթե…",,"Համաձայն Մարդու իրավունքների պաշտպանի մասին օրենքի 5-րդ հոդվածի` պաշտպանի լիազորությունները վաղաժամկետ դադարում են, եթե պաշտպանի նկատմամբ դատարանի մեղադրական դատավճիռն օրինական ուժի մեջ է մտել.",2,Նրա նկատմամբ դատարանի մեղադրական դատավճիռն ուժի մեջ է մտել,Ընտրվել է նոր Ազգային ժողով,Ձևավորվել է նոր կառավարություն,
Ո՞վ կարող է դիմել ՀՀ ՄԻՊ-ին.,,"Համաձայն Մարդու իրավունքների պաշտպանի մասին օրենքի 8-րդ հոդվածի` պաշտպանին կարող է դիմել ցանկացած ֆիզիկական անձ` անկախ ազգությունից, քաղաքացիությունից, բնակության վայրից, սեռից, ռասայից, տարիքից, քաղաքական և այլ հայացքներից ու գործունակությունից:",2,Յուրաքանչյուր ոք,Միայն ՀՀ քաղաքացիները,Միայն պաշտոնատար անձինք,
ՀՀ ՄԻՊ-ն իրավունք ու՞նի իր նախաձեռնությամբ այցելել զորամիավորումներ.,,"Համաձայն Մարդու իրավունքների պաշտպանի մասին օրենքի 8-րդ հոդվածի` պաշտպանը կամ նրա ներկայացուցիչն իրավունք ունի իր նախաձեռնությամբ անարգել այցելել զորամիավորումներ, ձերբակալման վայրեր, նախնական կալանք կամ քրեական պատիժ իրականացնող հիմնարկներ, ինչպես նաև հարկադրական պահման այլ վայրեր դրանցում գտնվող անձանց դիմումներն ընդունելու համար:",2,Այո,Ոչ,,
Արդյո՞ք իրավաբանական անձինք կարող են դիմել ՀՀ ՄԻՊ-ին.,,"Համաձայն Մարդու իրավունքների պաշտպանի մասին օրենքի 8-րդ  հոդվածի` պաշտպանին կարող են դիմել նաև իրավաբանական անձինք, եթե իրավաբանական անձի անունից տրված բողոքը վերաբերում է մարդու իրավունքների և հիմնարար ազատությունների խախտմանը, եթե իրավաբանական անձի իրավունքների խախտման հետևանքով խախտվել են նաև նրա մասնակից ֆիզիկական անձանց:

",2,Այո,Ոչ,,
Տեղական ինքնակառավարման մարմիններից որո՞նք կարող են դիմել ՀՀ ՄԻՊ-ին.,,"Համաձայն Մարդու իրավունքների պաշտպանի մասին օրենքի 8-րդ  հոդվածի` պետական և տեղական ինքնակառավարման մարմինները, բացառությամբ խնամակալության և հոգաբարձության մարմինների, չեն կարող պաշտպանին բողոքներ ներկայացնել:",2,Խնամակալության և հոգաբարձության մարմինները,Համայնքները,,
Արդյո՞ք պաշտոնատար անձինք իրավունք ունեն դիմելՀՀ ՄԻՊ-ին. ,,"Համաձայն Մարդու իրավունքների պաշտպանի մասին օրենքի 8-րդ  հոդվածի` պետական և տեղական ինքնակառավարման մարմինները, բացառությամբ խնամակալության և հոգաբարձության մարմինների, չեն կարող պաշտպանին բողոքներ ներկայացնել:",2,Միայն որպես ֆիզիկական անձ,"Այո, վերադասի որոշումը բողոքարկելու համար",Ոչ մի դեպքում,
Արդյո՞ք անչափահաս երեխաները կարող են դիմելՀՀ ՄԻՊ-ին.,,"Յուրաքանչյուր տարիքի երեխա կարող է դիմել ՀՀ մարդու իրավունքների պաշտպանին: Պաշտպանն ունի հատուկ երեխաների հարցերով տեղակալ, որը միայն զբաղվում է երեղաների իրավունքների պաշտպանությամբ",2,Այո,Ոչ,Միայն 16 տարին լրանալուց հետո,Միայն ծնողի թույլտվությամբ
"ՀՀ ՄԻՊ-ը չի քննարկի այն դիմումը, որը... ",,Համաձայն Մարդու իրավունքների պաշտպանի մասին օրենքի 10-րդ  հոդվածի` պաշտպանը կարող է չքննարկել անանուն բողոքները:,2,Անանուն է,Ուղղված է ոստիկանության դեմ,Դիմողը խնդրել է չհրապարակել իր անունը,
"ՀՀ ՄԻՊ-ը չի քննարկի այն դիմումը, որը... ",,Համաձայն Մարդու իրավունքների պաշտպանի մասին օրենքի 7-րդ  հոդվածի` Պաշտպանը չի քննարկում ոչ պետական մարմինների և կազմակերպությունների ու դրանց պաշտոնատար անձանց գործողությունների վերաբերյալ բողոքները:,2,Ուղղված է մասնավոր ընկերությունների դեմ,ՈՒղղված է տեղական ինքնակառավարման մարմինների դեմ,Ուղղված է ՀՀ կառավարության դեմ,
"ՀՀ ՄԻՊ-ը չի քննարկի այն դիմումը, որը…",,Համաձայն Մարդու իրավունքների պաշտպանի մասին օրենքի 7-րդ  հոդվածի` պաշտպանն իրավասու չէ միջամտել դատական վարույթին:,2,Գտնվում է դատարանի վարույթում,Ուղղված է դատախազության դեմ,,
"ՀՀ ՄԻՊ-ը չի քննարկի դիմումը, եթե այն ներկայացվել է…",,"Համաձայն Մարդու իրավունքների պաշտպանի մասին օրենքի` բողոքը պետք է պաշտպանին տրվի մեկ տարվա ընթացքում այն օրվանից, երբ դիմողն իմացել է կամ պետք է իմացած լիներ իր իրավունքների և հիմնարար ազատությունների խախտման մասին:",2,"Ավելի ուշ, քան խախտումը թույլ տալուց հետո մեկ տարվա ընթացքում","Ավելի ուշ, քան խախտումը թույլ տալուց վեց ամսվա ընթացքում","Ավելի ուշ, քան խախտումը թույլ տալուց հետո երեք ամսվա ընթացքում",
"Եթե ՀՀ ՄԻՊ-ի՝ բողոքը քննարկման ընդունելուց հետո դիմողը հայց է ներկայացրել դատարան, ապա…",,"Համաձայն Մարդու իրավունքների պաշտպանի մասին օրենքի` պաշտպանը չի քննարկում այն բողոքները, որոնք պետք է լուծվեն միայն դատական կարգով, ինչպես նաև դադարեցնում է բողոքի քննարկումը, եթե քննարկումն սկսելուց հետո շահագրգիռ անձը հայց կամ բողոք է ներկայացրել դատարան:",2,Բողոքի քննարկումը դադարեցվում է,Բողոքի քննարկումը շարունակվում է,,Բողոքն ուղարկվում է դատարան
"ՀՀ ՄԻՊ-ը չի քննարկի դիմումը, եթե այն…",," Համաձայն Մարդու իրավունքների պաշտպանի մասին օրենքի` պաշտպանը չի քննարկում այն բողոքները, որոնք իր կարծիքով մարդու իրավունքների և հիմնարար ազատությունների խախտման մասին չեն վկայում կամ պահանջ չեն ներկայացնում:",2,Չի պարունակում իրավախախտում,Պարունակում է լուրջ իրավախախտում,Պարունակում է թեթև իրավախախտում,
Արդյո՞ք ՀՀ ՄԻՊ-ին տրվող դիմումի համար սահմանված է հատուկ ձև.,,"ՀՀ Մարդու իրավունքների պաշտպանին տրվող դիմումի համար սահմանված չէ, այսինքն՝ քաղաքացին ազատ է դիմումը շարադրելիս:",2,Ոչ,Այո,,
ՀՀ ՄԻՊ-ին բողոքը պետք է ներկայացվի...,,"ՀՀ Մարդու իրավունքների պաշտպանն ընդունում է և բանավոր, և գրավոր բողոքները, ավելին` պաշտպանի աշխատակազմում, ուր գործում է թեժ գիծ` 116, յուրաքանչյուր ժամի կարող են զանգել և հայտնել մարդու իրավունքների խախտման մասին:",2,Բանավոր կամ գրավոր,Միայն բանավոր,Միայն գրավոր,
Ենթակա՞ են արդյոք ստուգման ձերբակալված անձանց՝ ՀՀ ՄԻՊ-ին ուղղված դիմումները.  ,,"Ձերբակալված, նախնական կալանք կամ քրեական պատիժն իրականացնող հիմնարկներում պատիժը կրող, ինչպես նաև այլ հարկադրական պահման վայրերում գտնվող անձի՝  պաշտպանին ուղղված բողոքները և այլ փաստաթղթեր ենթակա չեն ստուգման ու որևէ գրաքննության: Դրանք այդ հիմնարկների վարչակազմերի կողմից 24 ժամվա ընթացքում պետք է ուղարկվեն պաշտպանին:",2,"Ոչ, ոչ ոք չի կարող դրանք ստուգել","Այո, ոստիկանությունը կարող է դրանք ստուգել",,
Ենթակա՞ են արդյոք ստուգման  նախնական կալանքի տակ գտնվող անձանց՝ ՀՀ ՄԻՊ-ին ուղղված դիմումները.   ,,"Ձերբակալված, նախնական կալանք կամ քրեական պատիժն իրականացնող հիմնարկներում պատիժը կրող, ինչպես նաև այլ հարկադրական պահման վայրերում գտնվող անձի՝ պաշտպանին ուղղված բողոքները և այլ փաստաթղթեր ենթակա չեն ստուգման ու որևէ գրաքննության: Դրանք այդ հիմնարկների վարչակազմերի կողմից 24 ժամվա ընթացքում պետք է ուղարկվեն պաշտպանին:",2,"Ոչ, ոչ ոք չի կարող դրանք ստուգել","Այո, քրեակատարողական հիմնարկի ղեկավար կարող է դրանք ստուգել",,
Արդյո՞ք ՀՀ ՄԻՊ-ին  ուղղված բողոքների համար պետական տուրք գանձվում է.,, Համաձայն Մարդու իրավունքների պաշտպանի մասին օրենքի` պաշտպանին ուղղված բողոքների համար պետական տուրք չի գանձվում:,2,Ոչ,"Այո, 1000 ՀՀ դրամ","Այո, 5000 ՀՀ դրամ",
Արդյո՞ք ՀՀ ՄԻՊ-ին կարող է իրեն ուղղված դիմումը փոխանցել այլ մարմնի.,,"Համաձայն Մարդու իրավունքների պաշտպանի մասին օրենքի, եթե բողոքում բարձրացված հարցն իր բնույթով կարող է լուծել նաև պետական այլ մարմինը կամ պաշտոնատար անձը, և եթե այդ անձը նախապես չի քննարկել տվյալ գործը, պաշտպանը բողոքը ներկայացնողի համաձայնությամբ կարող է բողոքը քննարկման նպատակով փոխանցել նրան` վերահսկողություն սահմանելով դրա քննարկման նկատմամբ:",2,"Այո, դիմողի համաձայնությամբ","Այո, ըստ իր ցանկության",Ոչ,
Արդյո՞ք ՀՀ ՄԻՊ-ը պարտավոր է ընդունված որոշման պատճենն ուղարկել դիմումատուին.,,"Համաձայն Մարդու իրավունքների պաշտպանի մասին օրենքի` պաշտպանն ընդունված որոշման պատճենն ուղարկում է դիմողին հնարավորինս շուտ, բայց ոչ ուշ, քան բողոքն ստանալու օրվանից 30 օրվա ընթացքում:",2,Այո,Ոչ,Կախված դիմումի տեսակից,
Ի՞նչ ժամկետում պետք է ՀՀ ՄԻՊ-ը ընդունված որոշման պատճենը ուղարկի դիմումատուին. ,,"Համաձայն Մարդու իրավունքների պաշտպանի մասին օրենքի` Պաշտպանն ընդունված որոշման պատճենն ուղարկում է դիմողին հնարավորինս շուտ, բայց ոչ ուշ, քան բողոքն ստանալու օրվանից 30 օրվա ընթացքում:",2,30 օրվա ընթացքում,10 օրվա ընթացքում,14 օրվա ընթացքում,
Արդյո՞ք ՀՀ ՄԻՊ-ն իրավասու է սեփական նախաձեռնությամբ որևէ հարցի քննարկում սկսել.,,"Համաձայն Մարդու իրավունքների պաշտպանի մասին օրենքի`  պաշտպանն իրավասու է սեփական նախաձեռնությամբ սկսել հարցի քննարկումը, հատկապես՝ այն դեպքերում, երբ տեղեկություն կա մարդու իրավունքների և հիմնարար ազատությունների զանգվածային խախտումների մասին կամ դա ունի բացառիկ հասարակական նշանակություն կամ կապված է այնպիսի անձանց շահերի պաշտպանության անհրաժեշտության հետ, որոնք ի վիճակի չեն ինքնուրույն օգտագործել իրենց պաշտպանության իրավական միջոցները:",2,Այո,Ոչ,,
Արդյո՞ք ՀՀ ՄԻՊ-ն իրավասու է այցելել զորամիավորումներ.,," Համաձայն ՀՀ մարդու իրավունքների պաշտպանի մասին օրենքի` պաշտպանն իրավասու է անարգել այցելել ցանկացած պետական հիմնարկ կամ կազմակերպություն, ներառյալ` զորամիավորումներ, անձանց հարկադրական պահման վայրեր, այդ թվում` նախնական կալանքի և ազատազրկման վայրեր:",2,Այո,Ոչ,Միայն հրամանատարի թույլտվությամբ,Միայն ՀՀ պաշտպանության նախարարի թույլտվությամբ
Ուրիշի իրավունքների պաշտպանության համար ՀՀ ՄԻՊ-ին կարող են դիմել... ,," Համաձայն ՀՀ մարդու իրավունքների պաշտպանի մասին օրենքի` ուրիշի իրավունքների պաշտպանության համար պաշտպանին կարող են դիմել անձի լիազոր ներկայացուցիչները կամ օրինական ներկայացուցիչները /ծնողներ, որդեգրողներ, հոգաբարձուներ, խնամակալներ/, ինչպես նաև խնամակալության և հոգաբարձության մարմինները:",2,Անձի լիազոր կամ օրինական ներկայացուցիչները,Բարեկամները,Նաև ընկերները,
ՀՀ ՄԻՊ-ն իրավունք չունի դիմողի մասին տվյալներ հրապարակել…,, Համաձայն ՀՀ մարդու իրավունքների պաշտպանի մասին օրենքի` պաշտպանն իրավունք չունի բողոքի ուսումնասիրման ընթացքում իրեն հայտնի դարձած դիմողի կամ այլ անձանց մասին տվյալներ հրապարակել առանց նրանց գրավոր համաձայնության:,2,Առանց նրանց գրավոր համաձայնության,Առանց բանավոր համաձայնության,Ոչ մի դեպքում,
ՀՀ ՄԻՊ-ն անհրաժեշտության դեպքում կարող է հատուկ զեկույցներ ներկայացնել...,,"Համաձայն ՀՀ մարդու իրավունքների պաշտպանի մասին օրենքի` հասարակական հնչեղություն ունեցող առանձին հարցերի կամ մարդու իրավունքների կոպիտ խախտումների, ինչպես նաև խախտումները զանգվածաբար չվերացնելու դեպքերում պաշտպանը կարող է հանդես գալ արտահերթ հրապարակային զեկույցներով:",2,ՀՀ Նախագահին և Ազգային ժողովին,Միայն ՀՀ Ազգային ժողովին,Միայն ՀՀ Կառավարությանը,ՀՀ Կառավարությանն ու Ազգային ժողովին
Ի՞նչ է սահմանում Կարգապահական կանոնագիրքը.,,"Կարգապահական կանոնագիրքը սահմանում է զինվորական կարգապահության հասկացությունը, սկզբունքները, զինվորական կարգապահության պահպանման հետ կապված զինծառայողների պարտականությունները, զինծառայողներին տրվող խրախուսանքի և կարգապահական տույժերի տեսակները, դրանք կիրառելու կարգն ու պայմանները, հրամանատարների և այլ պաշտոնատար անձանց իրավունքները դրանց կիրառման գործում, ինչպես նաև կարգավորում է զինվորական կարգապահության ամրապնդման հետ կապված այլ հարաբերություններ:",4,Զինվորական կարգապահության էությունը,Զորամասի և ստորաբաժանումների հիմնական պաշտոնատար անձանց պարտականությունները,Զորամասի և ստորաբաժանումների ներքին կարգուկանոնը,
Ի՞նչ է սահմանում Կարգապահական կանոնագիրքը.,,"Կարգապահական կանոնագիրքը սահմանում է զինվորական կարգապահության հասկացությունը, սկզբունքները, զինվորական կարգապահության պահպանման հետ կապված զինծառայողների պարտականությունները, զինծառայողներին տրվող խրախուսանքի և կարգապահական տույժերի տեսակները, դրանք կիրառելու կարգն ու պայմանները, հրամանատարների և այլ պաշտոնատար անձանց իրավունքները դրանց կիրառման գործում, ինչպես նաև կարգավորում է զինվորական կարգապահության ամրապնդման հետ կապված այլ հարաբերություններ:",4,Զինծառայողների դիմումների ներկայացման կարգը,"Շարքի տեսակները, նրա բաղկացուցիչ մասերը",Զինծառայողների փոխհարաբերությունները,
Ի՞նչ է սահմանում Կարգապահական կանոնագիրքը.,,"Կարգապահական կանոնագիրքը սահմանում է զինվորական կարգապահության հասկացությունը, սկզբունքները, զինվորական կարգապահության պահպանման հետ կապված զինծառայողների պարտականությունները, զինծառայողներին տրվող խրախուսանքի և կարգապահական տույժերի տեսակները, դրանք կիրառելու կարգն ու պայմանները, հրամանատարների և այլ պաշտոնատար անձանց իրավունքները դրանց կիրառման գործում, ինչպես նաև կարգավորում է զինվորական կարգապահության ամրապնդման հետ կապված այլ հարաբերություններ:",4,Հրամանատարների իրավունքները խրախուսանք տալու գործում,Զորքի մասնակցությամբ կազմակերպվող միջոցառումների անցկացման կարգը,Զինված ուժերի կենցաղին վերաբերվող հարցեր,
Կարգապահական կանոնագրքի գործողությունը տարածվում է…,,"Զինված ուժերի կանոնագրքի գործողությունը տարածվում է Հայաստանի Հանրապետության զինված ուժերում, Հայաստանի Հանրապետության կառավարությանն առընթեր Հայաստանի Հանրապետության ոստիկանության և Հայաստանի Հանրապետության կառավարությանն առընթեր ազգային անվտանգության ծառայության համակարգերում զինվորական ծառայություն անցնող անձանց վրա:",4,Զինված ուժերում և այլ զորքերում ծառայություն անցնող անձանց վրա,Միայն Զինված ուժերում ծառայություն անցնող անձանց վրա,Այլ զորքերում ծառայություն անցնող անձան վրա,
Զինվորին խրախուսելը հրամանատարի…,,"Խրախուսանքը զինվորական կարգապահության ամրապնդման և զինծառայողների դաստիարակման միջոց է: Յուրաքանչյուր հրամանատար պարտավոր է խրախուսել ենթակա զինծառայողներին ծառայության մեջ աչքի ընկնելու և ծառայողական պարտականությունները ջանասիրաբար կատարելու, անձնական հատուկ վաստակի և դրական նախաձեռնություն ցուցաբերելու համար:",4,Պարտականությունն է,Իրավունքն է,,
Ի՞նչ խրախուսանք կարող է տրվել զինծառայողին.,,Կարգապահական կանոնագրքի 7-րդ հոդվածում մանրամասն նշված են զինծառայողներին տրվող  խրախուսանքները: Դրանցում ընդգրկված է նաև լրացուցիչ արձակուրդի տրամադրումը: ,4,Լրացուցիչ արձակուրդի տրամադրում,Ծառայության ժամկետի պակասեցում,Երկարաժամկետ արձակուրդի տրամադրում,
Ի՞նչ խրախուսանք կարող է տրվել զինծառայողին.,,Կարգապահական կանոնագրքի 7-րդ հոդվածում մանրամասն նշված են զինծառայողներին տրվող  խրախուսանքները: Դրանցում ընդգրկված է նաև զորամասի տեղաբաշխման վայրից արտահերթ արձակումը: ,4,Զորամասի տեղաբաշխման վայրից արտահերթ արձակում ,Տեղափոխում այլ զորամաս,,
Կարո՞ղ է արդյոք զինծառայողը պարգևատրվել անվանական զենքով.,,Կարգապահական կանոնագրքի 7-րդ հոդվածի համաձայն՝ զինծառայողը կարող է պարգևատրվել անվանական զենքով:,4,Այո,Ոչ,,
Կարո՞ղ է արդյոք զինծառայողը պարգևատրվել արժեքավոր նվերով.,,Կարգապահական կանոնագրքի 7-րդ հոդվածի համաձայն՝ զինծառայողը կարող է պարգևատրվել  արժեքավոր նվերով:,4,Այո,Ոչ,,
Կարո՞ղ է արդյոք զինծառայողը պարգևատրվել միանվագ գումարով.,,Կարգապահական կանոնագրքի 7-րդ հոդվածի համաձայն` զինծառայողը կարող է պարգևատրվել միանվագ գումարով:,4,Այո,Ոչ,,
Նշվածներից ո՞րն է զինծառայողին տրվող խրախուսանքի ձև ...,,Կարգապահական կանոնագրքի 7-րդ հոդվածում մանրամասն նշված են զինծառայողներին տրվող  խրախուսանքները: Դրանցում ընդգրկված է նաև վաղաժամկետ հերթական զինվորական կոչման շնորհում:,4,Վաղաժամկետ հերթական զինվորական կոչման շնորհում,Զինծառայությունից վաղաժամկետ զորացրում,,
Նշվածներից ո՞րը զինծառայողին տրվող խրախուսանքի ձև չէ.,,"Կարգապահական կանոնագրքի 7-րդ հոդվածում մանրամասն նշված են զինծառայողներին տրվող  խրախուսանքները: Դրանցում ընդգրկված են նաև գերատեսչական պատվոգրով պարգևատրումը, գերատեսչական կրծքանշանով պարգևատրումը, շնորհակալության հայտարարումը:",4,Երկարաժամկետ արձակուրդ,Գերատեսչական պատվոգրով պարգևատրում,Գերատեսչական կրծքանշանով պարգևատրում,Շնորհակալության հայտարարում
Խրախուսանքը կարող է կիրառվել…,,"Կարգապահական կանոնագրքի 11-րդ հոդվածի համաձայն՝ խրախուսանքները կարող են կիրառվել ինչպես առանձին զինծառայողի, այնպես էլ զինվորական անձնակազմի (ստորաբաժանման) նկատմամբ:",4,"Եվ առանձին զինծառայողի, և զինվորական անձնակազմի նկատմամբ",Միայն առանձին զինծառայողի նկատմամբ,Միայն զինվորական անձնակազմի նկատմամբ,
Զինծառայողին նույն արժանիքի համար կրկնակի խրախուսանք կարող է տալ…,,Կարգապահական կանոնագրքի համաձայն` զինծառայողին նույն արժանիքի համար կրկնակի խրախուսանք կարող է տալ ՀՀ ՊՆ նախարարը կամ ՀՀ գլխավոր շտաբի պետը իրավասու հրամանատարի (պետի) միջնորդությամբ:,4,ՀՀ պաշտպանության նախարարը կամ ՀՀ գլխավոր շտաբի պետը,Միայն ՀՀ պաշտպանության նախարարը,Կորպուսի հրամանատարը,Յուրաքանչյուր Հրամանատար
Զինծառայողին ո՞ր խրախուսանքն է տրվում բանավոր.,,Կարգապահական կանոնագրքի համաձայն` շնորհակալության հայտարարում խրախուսանքը կիրառվում է հրամանով կամ բանավոր շնորհակալություն հայտնելով և պարտադիր հայտարարվում է անձնակազմի առջև:,4,Շնորհակալության հայտարարում ,Լրացուցիչ արձակուրդի տրամադրում,Զորամասի տեղաբաշխման վայրից արտահերթ արձակում,
Կարո՞ղ են արդյոք խրախուսանքները հայտարարվել հանդիսավոր պայմաններում.,,Կարգապահական կանոնագրքի համաձայն` որոշակի խրախուսանքներ հայտարարվում են հանդիսավոր պայմաններում:,4,Այո,Ոչ,,
Սպայի պատվի կանոնները սահմանվում են…,,Կարգապահական կանոնագրքի համաձայն` սպայի պատվի կանոնները սահմանվում են Հայաստանի Հանրապետության պաշտպանության նախարարի նորմատիվ հրամանով:,4,ՀՀ ՊՆ նախարարի նորմատիվ հրամանով,Օրենքով,ՀՀ կառավարության որոշմամբ,ՀՀ զինված ուժերի կարգապահական կանոնագրքով
"Կարգապահական խախտում է համարվում այն գործողությունը կամ անգործությունը, որի համար նախատեսված է պատասխանատվություն…",,"Կարգապահական խախտում (զանցանք) է համարվում զինվորական ծառայության կարգի դեմ ոտնձգող հակաիրավական, մեղավոր (դիտավորյալ կամ անզգույշ) այնպիսի գործողությունը կամ անգործությունը, որի համար կարգապահական օրենքով նախատեսված է կարգապահական պատասխանատվություն:",4,Կարգապահական կանոնագրքով,ՀՀ քրեական օրենսգրքով,ՀՀ վարչական իրավախախտումների վերաբերյալ օրենսգրքով,
Արդյո՞ք սպայի պատվի կանոնների խախտումը համարվում է կարգապահական խախտում.,,Կարգապահական խախտում է համարվում նաև սպայական կազմի զինծառայողի կողմից հաշվետու կամ ուսումնական տարվա արդյունքներով ծառայողական գործառույթները չկատարելը կամ ոչ պատշաճ կատարելը կամ սպայի պատվի կանոնների խախտումը: Սպայի պատվի կանոնները սահմանվում են Հայաստանի Հանրապետության պաշտպանության նախարարի նորմատիվ հրամանով:,4,Այո,Ոչ,,
Վարչական իրավախախտում թույլ տված զինծառայողները պատասխանատվության են ենթարկվում…,,Կարգապահական Կանոնագրքի համաձայն` վարչական իրավախախտում թույլ տված զինծառայողները պատասխանատվության են ենթարկվում Վարչական իրավախախտումների վերաբերյալ Հայաստանի Հանրապետության օրենսգրքով սահմանված կարգով:,4,ՀՀ վարչական իրավախախտումների վերաբերյալ օրենսգրքով,ՀՀ զինված ուժերի կարգապահական կանոնագրքով,,
"Կարգապահական պատասխանատվության ենթակա չէ այն անձը, որը…",,"Կարգապահական պատասխանատվության ենթակա չէ այն անձը, որը թեև կարգապահական կանոնագրքով նախատեսված գործողություն է կատարել, սակայն գործել է ծայրահեղ անհրաժեշտության վիճակում, այսինքն` մի այնպիսի վտանգ վերացնելու համար, որը սպառնացել է զինվորական ծառայության կարգին, իր անձին կամ այլ զինծառայողների կամ քաղաքացիների իրավունքներին ու ազատություններին, եթե այդ վտանգը տվյալ հանգամանքներում չէր կարելի վերացնել այլ միջոցներով, և եթե հասցված վնասը կանխված վնասի համեմատությամբ ավելի նվազ կարևորություն ունի:",4,Գործել է ծայրահեղ անհրաժեշտության վիճակում,Իրավախախտումը կատարել է անզգուշությամբ,Իրավախախտումը կատարել է անգործությամբ,
"Կարգապահական պատասխանատվության ենթակա չէ այն անձը, որը…",,"Կարգապահական պատասխանատվության ենթակա չէ այն անձը, որը թեև կանոնագրքով նախատեսված գործողություն է կատարել, սակայն գործել է անհրաժեշտ պաշտպանության վիճակում, այսինքն` հակաիրավական ոտնձգությունից պաշտպանելիս է եղել պետական կամ հասարակական կարգը, գույքը, իր անձը կամ այլ զինծառայողների կամ քաղաքացիների իրավունքներն ու ազատությունները, զինվորական ծառայության սահմանված կարգը, ընդ որում, եթե թույլ չի տրվել անհրաժեշտ պաշտպանության սահմանների անցում:",4,Իրավախախտումը գործել է անհրաժեշտ պաշտպանության վիճակում,Իրավախախտումը կատարել է անզգուշությամբ,Չի կանխատեսել իր արարքի վնասակար հետևանքները,
Նշվածներից որը՞ կարգապահական իրավախախտման համար պատասխանատվությունը մեղմացնող հանգամանք չէ.,,Կարգապահական խախտումն անզգուշությամբ կատարելը համաձայն կարգապահական կանոնագրքի` պատասխանատվությունը մեղմացնող հանգամանք չէ:,4,Կարգապահական խախտումն անզգուշությամբ կատարելը,Մեղավորի անկեղծ զղջումը,Պատճառած վնասը կամավոր հատուցելը կամ վերացնելը,
Հոգեկան խիստ հուզմունքի ազդեցության տակ կարգապահական իրավախախտում կատարելը…,,Կարգապահական կանոնագրքի 18-րդ հոդվածի համաձայն` հոգեկան խիստ հուզմունքի ազդեցության տակ իրավախախտում կատարելը պատասխանատվությունը մեղմացնող հանգամանք է համարվում:,4,Պատասխանատվությունը մեղմացնող հանգամանք է,Պատասխանատվությունը ծանրացնող հանգամանք է,,
Ընտանեկան ծանր հանգամանքների զուգադիպությամբ կարգապահական իրավախախտում կատարելը…,,Կարգապահական կանոնագրքի 18-րդ հոդվածի համաձայն` անձնական կամ ընտանեկան ծանր հանգամանքների զուգադիպությամբ իրավախախտում կատարելը պատասխանատվությունը մեղմացնող հանգամանք է համարվում:,4,Պատասխանատվությունը մեղմացնող հանգամանք է,Պատասխանատվությունը ծանրացնող հանգամանք է,,
Կարգապահական իրավախախտում թույլ տված զինծառայողի կողմից  քննությանն օժանդակելը…,,"Կարգապահական խախտում թույլ տված զինծառայողի կողմից ծառայողական քննությանն օժանդակելու, կարգապահական խախտման հանգամանքների և հետևանքների պարզմանը, դրա կատարմանը նպաստող պատճառների ու պայմանների բացահայտմանն աջակցելու դեպքում կարգապահական խախտում թույլ տված զինծառայողի նկատմամբ կարող է կիրառվել ավելի մեղմ կարգապահական տույժ:",4,Պատասխանատվությունը մեղմացնող հանգամանք է,Պատասխանատվությունը ծանրացնող հանգամանք է,,
Կարգապահական իրավախախտման համար պատասխանատվությունը ծանրացնող հանգամանք է…,,Կարգապահական կանոնագրքի 19-րդ հոդվածի համաձայն` նախկինում հանցագործություն կատարած անձի կողմից իրավախախտում կատարելը համարվում է պատասխանատվությունը ծանրացնող հանգամանք:,4,Խախտում կատարելը նախկինում հանցանք կատարած անձի կողմից,Դիտավորությամբ խախտում կատարելը,Վնասակար հետևանքների կանխատեսումը,
Ալկոհոլ օգտագործած վիճակում կարգապահական իրավախախտում կատարելը…,,Կարգապահական կանոնագրքի 19-րդ հոդվածի համաձայն` իրավախախտումը ալկոհոլ օգտագործած վիճակում կատարելը համարվում է պատասխանատվությունը ծանրացնող հանգամանք:,4,Պատասխանատվությունը ծանրացնող հանգամանք է,Պատասխանատվությունը մեղմացնող հանգամանք է,,
Թմրանյութ օգտագործած վիճակում կարգապահական իրավախախտում կատարելը…,,Կարգապահական կանոնագրքի 19-րդ հոդվածի համաձայն` իրավախախտումը թմրանյութ կամ այլ հոգեմետ նյութեր օգտագործած վիճակում կատարելը համարվում է պատասխանատվությունը ծանրացնող հանգամանք:,4,Պատասխանատվությունը ծանրացնող հանգամանք է,Պատասխանատվությունը մեղմացնող հանգամանք է,,
Մի խումբ անձանց կողմից կարգապահական իրավախախտում կատարելը...,,Կարգապահական կանոնագրքի 19-րդ հոդվածի համաձայն` իրավախախտումը մի խումբ անձանց կողմից կատարելը համարվում է պատասխանատվությունը ծանրացնող հանգամանք:,4,Պատասխանատվությունը ծանրացնող հանգամանք է,Պատասխանատվությունը մեղմացնող հանգամանք է,,
Ի՞նչ հիմքերով և կարգով զինծառայողը կարող է ենթարկվել կարգապահական պատասխանատվության.,,"Կարգապահական կանոնագրքի համաձայն` զինծառայողը չի կարող ենթարկվել կարգապահական պատասխանատվության այլ կերպ, քան կարգապահական կանոնագրքով սահմանված հիմքերով և կարգով:",4,Կարգապահական կանոնագրքով սահմանված հիմքերով և կարգով,Այլ օրենքներով սահմանված հիմքերով և կարգով,,
Արդյո՞ք կարող է զինծառայողը բողոքարկել կարգապահական տույժը.,,Կարգապահական կանոնագրքի համաձայն` զինծառայողն իրավունք ունի բողոքարկել իր նկատմամբ կիրառված կարգապահական տույժը:,4,Այո,Ոչ,,
Որո՞նք են կարգապահական տույժի նպատակները.,,"Կարգապահական տույժը համարվում է պատասխանատվության միջոց և կիրառվում է` նպատակ ունենալով իրավախախտում կատարած անձին դաստիարակել զինվորական ծառայության կանոնագրքերի ու այլ օրենքների պահանջները պահպանելու, համակեցության կանոնները հարգելու ոգով, ինչպես նաև կանխել ինչպես իր իսկ` իրավախախտի, այնպես էլ այլ անձի կողմից նոր իրավախախտումների կատարումը:
",4,Կանխարգելումն ու դաստիարակումը,Պատժելն ու դաստիարակումը,Կանխարգելումն ու դաստիարակումը,
Նույն կարգապահական իրավախախտման համար զինծառայողին կարող է տրվել…,,"Համաձայն կարգապահական կանոնագրքի 22-րդ հոդվածի՝ զինծառայողին նույն կարգապահական խախտման համար մեկից ավելի կարգապահական տույժ չի կարող տրվել:
 ",4,Մեկ կարգապահական տույժ,Մեկից ավելի կարգապահական տույժեր,,
Նշվածներից ո՞րը կարգապահական տույժ չէ.,,"Կարգապահական կանոնագրքով սպառիչ կերպով սահմանված են տույժերը և դրանցում, որպես այդպիսին, չկա աշխատավարձից զրկում տույժ:",4,Աշխատավարձից զրկում,Խիստ նկատողություն ,Գերատեսչական կրծքանշանից զրկում,Նկատողություն 
Նշվածներից ո՞րը կարգապահական տույժ չէ.,,"Կարգապահական կանոնագրքով սպառիչ կերպով սահմանված են տույժերը: Ինչ վերաբերում է ազատազրկմանը, ապա մարդ կարող է դատապարտվել ազատազրկման միայն դատարանի կողմից  ՀՀ քրեական օրենսգրքով նախատեսված հանցանք կատարելու համար:",4,Ազատազրկում ,Խիստ նկատողություն ,Պաշտոնի իջեցում մեկ աստիճանով,Զինվորական ծառայությունից արձակում
Նշվածներից ո՞րը կարգապահական տույժ չէ.,,"Կարգապահական կանոնագրքով սպառիչ կերպով սահմանված են տույժերը և դրանցում, որպես այդպիսին, չկա զինվորական ծառայության երկարացում տույժ:",4,,Զինվորական ծառայության երկարացումը,Կարգապահական վաշտ ուղարկելը,
"Զինծառայողին կարգապահական տույժ չի կարող տրվել, եթե իրավախախտում կատարելու օրվանից անցել է…",,"Կարգապահական կանոնագրքի 27-րդ հոդվածի համաձայն` զինծառայողին կարգապահական իրավախախտման համար կարգապահական տույժ չի կարող տրվել, եթե կարգապահական իրավախախտում կատարելու օրվանից անցել է 6 ամիս:",4,6 ամիս,1 ամիս,3 ամիս,4 տարի